{
  "version": 1,
  "author": "Uri Shaked",
  "editor": "wokwi",
  "parts": [
    { "type": "wokwi-breadboard", "id": "bb1", "top": -214.2, "left": -266, "attrs": {} },
    {
      "type": "board-esp32-devkit-c-v4",
      "id": "esp",
      "top": -1.66,
      "left": -149.9,
      "rotate": 90,
      "attrs": {}
    },
    {
      "type": "wokwi-led",
      "id": "led1",
      "top": -205.2,
      "left": 205.4,
      "attrs": { "color": "green" }
    },
    {
      "type": "wokwi-led",
      "id": "led2",
      "top": -205.2,
      "left": 243.8,
      "attrs": { "color": "red" }
    },
    {
      "type": "wokwi-led",
      "id": "led3",
      "top": -205.2,
      "left": 224.6,
      "attrs": { "color": "yellow" }
    },
    {
      "type": "wokwi-led",
      "id": "led4",
      "top": -205.2,
      "left": 320.6,
      "attrs": { "color": "red" }
    },
    {
      "type": "wokwi-led",
      "id": "led5",
      "top": -205.2,
      "left": 301.4,
      "attrs": { "color": "green" }
    },
    {
      "type": "wokwi-resistor",
      "id": "r5",
      "top": -129.6,
      "left": 306.65,
      "rotate": 90,
      "attrs": { "value": "330" }
    },
    {
      "type": "wokwi-resistor",
      "id": "r1",
      "top": -129.6,
      "left": 287.45,
      "rotate": 90,
      "attrs": { "value": "330" }
    },
    {
      "type": "wokwi-resistor",
      "id": "r2",
      "top": -129.6,
      "left": 229.85,
      "rotate": 90,
      "attrs": { "value": "330" }
    },
    {
      "type": "wokwi-resistor",
      "id": "r3",
      "top": -129.6,
      "left": 191.45,
      "rotate": 90,
      "attrs": { "value": "330" }
    },
    {
      "type": "wokwi-resistor",
      "id": "r4",
      "top": -129.6,
      "left": 210.65,
      "rotate": 90,
      "attrs": { "value": "330" }
    },
    {
      "type": "wokwi-pushbutton",
      "id": "btn1",
      "top": -134.5,
      "left": -73.3,
      "rotate": 90,
      "attrs": { "color": "green", "xray": "" }
    },
    { "type": "wokwi-potentiometer", "id": "pot1", "top": -193.3, "left": -365, "attrs": {} }
  ],
  "connections": [
    [ "esp:TX", "$serialMonitor:RX", "", [] ],
    [ "esp:RX", "$serialMonitor:TX", "", [] ],
    [ "esp:5V", "bb1:bp.1", "red", [ "v0.15", "h-38.4", "v-85.5" ] ],
    [ "esp:GND.2", "bb1:bn.1", "black", [ "v9.6", "h-277.6" ] ],
    [ "bb1:bp.50", "bb1:tp.50", "red", [ "h47.2", "v-174" ] ],
    [ "bb1:bn.50", "bb1:tn.50", "black", [ "h37.6", "v-174" ] ],
    [ "bb1:bn.50", "bb1:61b.j", "black", [ "v0" ] ],
    [ "bb1:bn.48", "bb1:59b.j", "black", [ "v0" ] ],
    [ "bb1:bn.43", "bb1:53b.j", "black", [ "v0" ] ],
    [ "bb1:bn.40", "bb1:49b.j", "black", [ "v0" ] ],
    [ "bb1:bn.41", "bb1:51b.j", "black", [ "v0" ] ],
    [ "esp:13", "led2:A", "red", [ "v0" ] ],
    [ "esp:12", "led3:A", "gold", [ "v0" ] ],
    [ "esp:14", "led1:A", "green", [ "v0" ] ],
    [ "esp:27", "led4:A", "red", [ "v0" ] ],
    [ "esp:26", "led5:A", "green", [ "v0" ] ],
    [ "bb1:bn.18", "bb1:23b.j", "black", [ "v0" ] ],
    [ "bb1:21b.j", "esp:33", "green", [ "v57.6", "h-38.4" ] ],
    [ "bb1:tn.1", "pot1:GND", "black", [ "v-28.9", "h-173.6", "v96" ] ],
    [ "led4:A", "bb1:62t.a", "", [ "$bb" ] ],
    [ "led4:C", "bb1:61t.a", "", [ "$bb" ] ],
    [ "r1:1", "bb1:59t.b", "", [ "$bb" ] ],
    [ "r1:2", "bb1:59b.f", "", [ "$bb" ] ],
    [ "r5:1", "bb1:61t.b", "", [ "$bb" ] ],
    [ "r5:2", "bb1:61b.f", "", [ "$bb" ] ],
    [ "r2:1", "bb1:53t.b", "", [ "$bb" ] ],
    [ "r2:2", "bb1:53b.f", "", [ "$bb" ] ],
    [ "r3:1", "bb1:49t.b", "", [ "$bb" ] ],
    [ "r3:2", "bb1:49b.f", "", [ "$bb" ] ],
    [ "r4:1", "bb1:51t.b", "", [ "$bb" ] ],
    [ "r4:2", "bb1:51b.f", "", [ "$bb" ] ],
    [ "led1:A", "bb1:50t.a", "", [ "$bb" ] ],
    [ "led1:C", "bb1:49t.a", "", [ "$bb" ] ],
    [ "led3:A", "bb1:52t.a", "", [ "$bb" ] ],
    [ "led3:C", "bb1:51t.a", "", [ "$bb" ] ],
    [ "led2:A", "bb1:54t.a", "", [ "$bb" ] ],
    [ "led2:C", "bb1:53t.a", "", [ "$bb" ] ],
    [ "led5:A", "bb1:60t.a", "", [ "$bb" ] ],
    [ "led5:C", "bb1:59t.a", "", [ "$bb" ] ],
    [ "btn1:1.l", "bb1:23t.c", "", [ "$bb" ] ],
    [ "btn1:2.l", "bb1:21t.c", "", [ "$bb" ] ],
    [ "btn1:1.r", "bb1:23b.h", "", [ "$bb" ] ],
    [ "btn1:2.r", "bb1:21b.h", "", [ "$bb" ] ],
    [ "pot1:SIG", "esp:34", "orange", [ "v297.6", "h345.2", "v-124.8", "h-76.8" ] ],
    [ "esp:3V3", "pot1:VCC", "red", [ "v-9.45", "h48", "v134.4", "h-344.8" ] ]
  ],
  "dependencies": {}
}